{
    "action_shape": [
        10000,
        8
    ],
    "max_steps": 1000,
    "mean_return": 4798.882464358135,
    "envname": "Ant-v1",
    "stddev_return": 72.73993211631974,
    "returns": [
        4635.329937757105,
        4739.470819135586,
        4863.290313392306,
        4727.0579326628595,
        4823.463048981325,
        4863.523966320956,
        4873.485042067316,
        4797.6114834137825,
        4851.160674137531,
        4814.431425712582
    ],
    "num_rollouts": 10,
    "observation_shape": [
        10000,
        111
    ]
}