{
    "stddev_return": 57.35326595701061,
    "max_steps": 1000,
    "action_shape": [
        10000,
        6
    ],
    "observation_shape": [
        10000,
        17
    ],
    "returns": [
        4056.69947919811,
        4285.262865710249,
        4190.698177951584,
        4139.558534305694,
        4162.221754042606,
        4138.751774953602,
        4112.701936790711,
        4135.2045142519455,
        4122.445419851838,
        4108.6351119755145
    ],
    "envname": "HalfCheetah-v1",
    "num_rollouts": 10,
    "mean_return": 4145.217956903185
}