{
    "action_shape": [
        10000,
        3
    ],
    "returns": [
        3779.424976413968,
        3783.957829714616,
        3775.463699543919,
        3774.333697487194,
        3771.3814327435234,
        3776.407110296341,
        3774.452092068115,
        3779.6029988037,
        3780.1470183484785,
        3772.5703950948005
    ],
    "envname": "Hopper-v1",
    "observation_shape": [
        10000,
        11
    ],
    "stddev_return": 3.714343496807989,
    "num_rollouts": 10,
    "max_steps": 1000,
    "mean_return": 3776.7741250514655
}