{
    "action_shape": [
        500,
        2
    ],
    "num_rollouts": 10,
    "returns": [
        -5.244336642180847,
        -3.6192637306263986,
        -2.9304037028964998,
        -5.655598649682436,
        -4.370861919945445,
        -5.830955847544092,
        -5.236538342400277,
        -1.6027822009521133,
        -5.8856773433561465,
        -4.1648463308325265
    ],
    "stddev_return": 1.3365866930411123,
    "envname": "Reacher-v1",
    "max_steps": 50,
    "mean_return": -4.454126471041677,
    "observation_shape": [
        500,
        11
    ]
}