{
    "returns": [
        5613.010162367535,
        5572.154302660335,
        5414.833495465997,
        5457.132158608672,
        5584.45223047572,
        5500.544040482547,
        5510.332908238397,
        5544.751081683398,
        5572.503245673825,
        5504.22806068606
    ],
    "envname": "Walker2d-v1",
    "mean_return": 5527.394168634249,
    "max_steps": 1000,
    "stddev_return": 58.37861030076328,
    "observation_shape": [
        10000,
        17
    ],
    "num_rollouts": 10,
    "action_shape": [
        10000,
        6
    ]
}