{
    "action_shape": [
        10000,
        17
    ],
    "returns": [
        10450.067663673482,
        10376.60891886211,
        10311.373130290682,
        10406.53248440131,
        10513.902463670005,
        10425.14005004437,
        10399.560415428272,
        10420.52686073659,
        10443.989844211435,
        10292.029876805267
    ],
    "stddev_return": 61.978577456619945,
    "max_steps": 1000,
    "observation_shape": [
        10000,
        376
    ],
    "envname": "Humanoid-v1",
    "num_rollouts": 10,
    "mean_return": 10403.973170812353
}